{
  "openapi": "3.0.1",
  "info": {
    "title": "OpenAPI definition",
    "version": "v0"
  },
  "servers": [
    {
      "url": "http://localhost:8080",
      "description": "Generated server url"
    }
  ],
  "paths": {
    "/customer/{cid}": {
      "put": {
        "tags": [
          "customer-rest-controller"
        ],
        "operationId": "updateCustomer",
        "parameters": [
          {
            "name": "cid",
            "in": "path",
            "required": true,
            "schema": {
              "type": "integer",
              "format": "int32"
            }
          }
        ],
        "requestBody": {
          "content": {
            "application/json": {
              "schema": {
                "$ref": "#/components/schemas/Customer"
              }
            }
          },
          "required": true
        },
        "responses": {
          "200": {
            "description": "OK",
            "content": {
              "application/json": {
                "schema": {
                  "$ref": "#/components/schemas/Customer"
                }
              }
            }
          }
        }
      },
      "delete": {
        "tags": [
          "customer-rest-controller"
        ],
        "operationId": "deleteCustomer",
        "parameters": [
          {
            "name": "cid",
            "in": "path",
            "required": true,
            "schema": {
              "type": "integer",
              "format": "int32"
            }
          }
        ],
        "responses": {
          "200": {
            "description": "OK",
            "content": {
              "*/*": {
                "schema": {
                  "type": "string"
                }
              }
            }
          }
        }
      }
    },
    "/customer": {
      "get": {
        "tags": [
          "customer-rest-controller"
        ],
        "operationId": "getCustomer",
        "responses": {
          "200": {
            "description": "OK",
            "content": {
              "application/json": {
                "schema": {
                  "$ref": "#/components/schemas/Customer"
                }
              }
            }
          }
        }
      },
      "post": {
        "tags": [
          "customer-rest-controller"
        ],
        "operationId": "createCustomer",
        "requestBody": {
          "content": {
            "application/json": {
              "schema": {
                "$ref": "#/components/schemas/Customer"
              }
            }
          },
          "required": true
        },
        "responses": {
          "200": {
            "description": "OK",
            "content": {
              "application/json": {
                "schema": {
                  "$ref": "#/components/schemas/Customer"
                }
              }
            }
          }
        }
      }
    },
    "/welcome": {
      "get": {
        "tags": [
          "msg-rest-controller"
        ],
        "operationId": "getWelcomeMsg",
        "parameters": [
          {
            "name": "name",
            "in": "query",
            "required": true,
            "schema": {
              "type": "string"
            }
          }
        ],
        "responses": {
          "200": {
            "description": "OK",
            "content": {
              "text/plain": {
                "schema": {
                  "type": "string"
                }
              }
            }
          }
        }
      }
    },
    "/greet/{name}": {
      "get": {
        "tags": [
          "msg-rest-controller"
        ],
        "operationId": "getGreetMsg",
        "parameters": [
          {
            "name": "name",
            "in": "path",
            "required": true,
            "schema": {
              "type": "string"
            }
          }
        ],
        "responses": {
          "200": {
            "description": "OK",
            "content": {
              "text/plain": {
                "schema": {
                  "type": "string"
                }
              }
            }
          }
        }
      }
    },
    "/customers": {
      "get": {
        "tags": [
          "customer-rest-controller"
        ],
        "operationId": "getCustomers",
        "responses": {
          "200": {
            "description": "OK",
            "content": {
              "application/json": {
                "schema": {
                  "type": "array",
                  "items": {
                    "$ref": "#/components/schemas/Customer"
                  }
                }
              }
            }
          }
        }
      }
    }
  },
  "components": {
    "schemas": {
      "Customer": {
        "type": "object",
        "properties": {
          "cid": {
            "type": "integer",
            "format": "int32"
          },
          "name": {
            "type": "string"
          },
          "email": {
            "type": "string"
          }
        }
      }
    }
  }
}